playerID,HR,AB,From,To,tH,walks,PA,TB,OBP,SLG,OPS,yearID,votedBy,ballots,needed,votes,inducted,category,needed_note,birthYear,birthMonth,birthDay,birthCountry,birthState,birthCity,deathYear,deathMonth,deathDay,deathCountry,deathState,deathCity,nameFirst,nameLast,nameGiven,weight,height,bats,throws,debut,finalGame,retroID,bbrefID,deathDate,birthDate,Player
aaronha01,755,12364,1954,1976,3771,1434,13919,6856,0.3739492779653711,0.5545131025558072,0.9284623805211782,1982,BBWAA,415,312,406,Y,Player,NA,1934,2,5,USA,AL,Mobile,2021,1,22,USA,GA,Atlanta,Hank,Aaron,Henry Louis,180,72,R,R,1954-04-13,1976-10-03,aaroh101,aaronha01,2021-01-22,1934-02-05,Hank Aaron
alomaro01,210,9073,1988,2004,2724,1082,10252,4018,0.37124463519313305,0.4428524192659539,0.814097054459087,2011,BBWAA,581,436,523,Y,Player,NA,1968,2,5,P.R.,NA,Ponce,NA,NA,NA,NA,NA,NA,Roberto,Alomar,Roberto,184,72,B,R,1988-04-22,2004-09-05,alomr001,alomaro01,NA,1968-02-05,Roberto Alomar
ansonca01,97,10281,1871,1897,3435,1016,11297,4592,0.3939984066566345,0.44664915864215543,0.8406475652987899,1939,Old Timers,NA,NA,NA,Y,Player,NA,1852,4,17,USA,IA,Marshalltown,1922,4,14,USA,IL,Chicago,Cap,Anson,Adrian Constantine,227,72,R,R,1871-05-06,1897-10-03,ansoc101,ansonca01,1922-04-14,1852-04-17,Cap Anson
aparilu01,83,10230,1956,1973,2677,763,11069,3504,0.3107778480440871,0.34252199413489737,0.6532998421789844,1984,BBWAA,403,303,341,Y,Player,NA,1934,4,29,Venezuela,Zulia,Maracaibo,NA,NA,NA,NA,NA,NA,Luis,Aparicio,Luis Ernesto,160,69,R,R,1956-04-17,1973-09-28,aparl101,aparilu01,NA,1934-04-29,Luis Aparicio
applilu01,45,8856,1930,1950,2749,1313,10169,3528,0.3994493067164913,0.3983739837398374,0.7978232904563287,1964,Run Off,201,NA,189,Y,Player,1st,1907,4,2,USA,NC,High Point,1991,1,3,USA,GA,Cumming,Luke,Appling,Lucius Benjamin,183,70,R,R,1930-09-10,1950-10-01,appll101,applilu01,1991-01-03,1907-04-02,Luke Appling
ashburi01,29,8365,1948,1962,2574,1241,9624,3196,0.396404821280133,0.382068141063957,0.77847296234409,1995,Veterans,NA,NA,NA,Y,Player,NA,1927,3,19,USA,NE,Tilden,1997,9,9,USA,NY,New York,Richie,Ashburn,Don Richard,170,70,L,R,1948-04-20,1962-09-30,ashbr101,ashburi01,1997-09-09,1927-03-19,Richie Ashburn
averiea01,238,6353,1929,1941,2019,807,7160,3390,0.3946927374301676,0.5336061703132379,0.9282989077434054,1975,Veterans,NA,NA,NA,Y,Player,NA,1902,5,21,USA,WA,Snohomish,1983,8,16,USA,WA,Everett,Earl,Averill,Howard Earl,172,69,L,R,1929-04-16,1941-04-25,avere101,averiea01,1983-08-16,1902-05-21,Earl Averill
bagweje01,449,7797,1991,2005,2314,1529,9428,4213,0.40761561306745864,0.540336026676927,0.9479516397443857,2017,BBWAA,442,332,381,Y,Player,NA,1968,5,27,USA,MA,Boston,NA,NA,NA,NA,NA,NA,Jeff,Bagwell,Jeffrey Robert,195,72,R,R,1991-04-08,2005-10-02,bagwj001,bagweje01,NA,1968-05-27,Jeff Bagwell
baineha01,384,9908,1980,2001,2866,1076,11083,4604,0.3556798700712803,0.4646750100928543,0.8203548801641346,2019,Veterans,NA,NA,NA,Y,Player,NA,1959,3,15,USA,MD,Easton,NA,NA,NA,NA,NA,NA,Harold,Baines,Harold Douglas,175,74,L,L,1980-04-10,2001-09-27,bainh001,baineha01,NA,1959-03-15,Harold Baines
bakerfr01,96,5984,1908,1922,1838,523,6507,2647,0.3628400184416782,0.44234625668449196,0.8051862751261701,1955,Veterans,NA,NA,NA,Y,Player,NA,1886,3,13,USA,MD,Trappe,1963,6,28,USA,MD,Trappe,Home Run,Baker,John Franklin,173,71,L,R,1908-09-21,1922-09-29,bakef102,bakerfr01,1963-06-28,1886-03-13,Home Run Baker
bancrda01,32,7182,1915,1930,2004,850,8032,2574,0.35532868525896416,0.3583959899749373,0.7137246752339015,1971,Veterans,NA,NA,NA,Y,Player,NA,1891,4,20,USA,IA,Sioux City,1972,10,9,USA,WI,Superior,Dave,Bancroft,David James,160,69,B,R,1915-04-14,1930-05-31,bancd101,bancrda01,1972-10-09,1891-04-20,Dave Bancroft
bankser01,512,9421,1953,1971,2583,833,10350,4706,0.33004830917874395,0.4995223437002441,0.8295706528789881,1977,BBWAA,383,288,321,Y,Player,NA,1931,1,31,USA,TX,Dallas,2015,1,23,USA,IL,Chicago,Ernie,Banks,Ernest,180,73,R,R,1953-09-17,1971-09-26,banke101,bankser01,2015-01-23,1931-01-31,Ernie Banks
becklja01,87,9551,1888,1907,2938,799,10350,4160,0.36106280193236717,0.4355564862318082,0.7966192881641754,1971,Veterans,NA,NA,NA,Y,Player,NA,1867,8,4,USA,MO,Hannibal,1918,6,25,USA,MO,Kansas City,Jake,Beckley,Jacob Peter,200,70,L,L,1888-06-20,1907-06-15,beckj103,becklja01,1918-06-25,1867-08-04,Jake Beckley
benchjo01,389,7658,1967,1983,2048,910,8658,3644,0.34164934164934163,0.47584225646382866,0.8174915981131703,1989,BBWAA,447,336,431,Y,Player,NA,1947,12,7,USA,OK,Oklahoma City,NA,NA,NA,NA,NA,NA,Johnny,Bench,Johnny Lee,197,73,R,R,1967-08-28,1983-09-29,bencj101,benchjo01,NA,1947-12-07,Johnny Bench
berrayo01,358,7555,1946,1965,2150,756,8355,3643,0.34781567923399165,0.48219722038385177,0.8300128996178434,1972,BBWAA,396,297,339,Y,Player,NA,1925,5,12,USA,MO,St. Louis,2015,9,22,USA,NJ,West Caldwell,Yogi,Berra,Lawrence Peter,185,67,L,R,1946-09-22,1965-05-09,berry101,berrayo01,2015-09-22,1925-05-12,Yogi Berra
biggicr01,291,10876,1988,2007,3060,1445,12402,4711,0.36324786324786323,0.43315557190143433,0.7964034351492976,2015,BBWAA,549,412,454,Y,Player,NA,1965,12,14,USA,NY,Smithtown,NA,NA,NA,NA,NA,NA,Craig,Biggio,Craig Alan,185,71,R,R,1988-06-26,2007-09-30,biggc001,biggicr01,NA,1965-12-14,Craig Biggio
boggswa01,118,9180,1982,1999,3010,1435,10711,4064,0.41499393147231817,0.44270152505446625,0.8576954565267845,2005,BBWAA,516,387,474,Y,Player,NA,1958,6,15,USA,NE,Omaha,NA,NA,NA,NA,NA,NA,Wade,Boggs,Wade Anthony,190,74,L,R,1982-04-10,1999-08-27,boggw001,boggswa01,NA,1958-06-15,Wade Boggs
bottoji01,219,7471,1922,1937,2313,707,8178,3737,0.36928344338469066,0.5002007763351626,0.8694842197198532,1974,Veterans,NA,NA,NA,Y,Player,NA,1900,4,23,USA,IL,Oglesby,1959,12,11,USA,MO,St. Louis,Jim,Bottomley,James Leroy,180,72,L,L,1922-08-18,1937-09-16,bottj101,bottoji01,1959-12-11,1900-04-23,Jim Bottomley
boudrlo01,68,6029,1938,1952,1779,830,6859,2500,0.3803761481265491,0.4146624647536905,0.7950386128802396,1970,BBWAA,300,225,232,Y,Player,NA,1917,7,17,USA,IL,Harvey,2001,8,10,USA,IL,Olympia Fields,Lou,Boudreau,Louis,185,71,R,R,1938-09-09,1952-08-24,boudl101,boudrlo01,2001-08-10,1917-07-17,Lou Boudreau
bresnro01,26,4481,1897,1915,1252,781,5262,1690,0.3863549980995819,0.3771479580450792,0.7635029561446611,1945,Old Timers,NA,NA,NA,Y,Player,NA,1879,6,11,USA,OH,Toledo,1944,12,4,USA,OH,Toledo,Roger,Bresnahan,Roger Philip,200,69,R,R,1897-08-27,1915-10-03,bresr102,bresnro01,1944-12-04,1879-06-11,Roger Bresnahan
brettge01,317,10349,1973,1993,3154,1129,11598,5044,0.3692878082428005,0.4873900859986472,0.8566778942414477,1999,BBWAA,497,373,488,Y,Player,NA,1953,5,15,USA,WV,Glen Dale,NA,NA,NA,NA,NA,NA,George,Brett,George Howard,185,72,L,R,1973-08-02,1993-10-03,bretg001,brettge01,NA,1953-05-15,George Brett
brocklo01,149,10332,1961,1979,3023,810,11188,4238,0.3425992134429746,0.41018195896244675,0.7527811724054214,1985,BBWAA,395,297,315,Y,Player,NA,1939,6,18,USA,AR,El Dorado,2020,9,6,USA,MO,St. Louis,Lou,Brock,Louis Clark,170,71,L,L,1961-09-10,1979-09-30,brocl102,brocklo01,2020-09-06,1939-06-18,Lou Brock
broutda01,107,6726,1879,1904,2303,945,7671,3498,0.42341285360448444,0.52007136485281,0.9434842184572945,1945,Old Timers,NA,NA,NA,Y,Player,NA,1858,5,8,USA,NY,Sylvan Lake,1932,8,2,USA,NJ,East Orange,Dan,Brouthers,Dennis Joseph,207,74,L,L,1879-06-23,1904-10-04,broud101,broutda01,1932-08-02,1858-05-08,Dan Brouthers
burkeje01,75,8426,1890,1905,2850,1104,9530,3759,0.414900314795383,0.4461191549964396,0.8610194697918225,1946,Old Timers,NA,NA,NA,Y,Player,NA,1868,12,4,USA,WV,Wheeling,1953,5,27,USA,MA,Worcester,Jesse,Burkett,Jesse Cail,155,68,L,L,1890-04-22,1905-10-07,burkj101,burkeje01,1953-05-27,1868-12-04,Jesse Burkett
camparo01,242,4205,1948,1957,1161,563,4786,2101,0.36021730045967404,0.49964328180737216,0.8598605822670462,1969,BBWAA,340,255,270,Y,Player,NA,1921,11,19,USA,PA,Philadelphia,1993,6,26,USA,CA,Woodland Hills,Roy,Campanella,Roy,190,69,R,R,1948-04-20,1957-09-29,campr102,camparo01,1993-06-26,1921-11-19,Roy Campanella
carewro01,92,9315,1967,1985,3053,1043,10422,3998,0.39301477643446553,0.42920021470746106,0.8222149911419265,1991,BBWAA,443,333,401,Y,Player,NA,1945,10,1,Panama,Canal Zone,Gatun,NA,NA,NA,NA,NA,NA,Rod,Carew,Rodney Cline,170,72,L,R,1967-04-11,1985-10-05,carer001,carewro01,NA,1945-10-01,Rod Carew
careyma01,70,9363,1910,1929,2665,1117,10480,3612,0.3608778625954199,0.3857737904517783,0.7466516530471982,1961,Veterans,NA,NA,NA,Y,Player,NA,1890,1,11,USA,IN,Terre Haute,1976,5,30,USA,FL,Miami,Max,Carey,Max George,170,71,B,R,1910-10-03,1929-09-29,carem101,careyma01,1976-05-30,1890-01-11,Max Carey
cartega01,324,7971,1974,1992,2092,916,8986,3497,0.3347429334520365,0.43871534311880567,0.7734582765708422,2003,BBWAA,496,372,387,Y,Player,NA,1954,4,8,USA,CA,Culver City,2012,2,16,USA,FL,West Palm Beach,Gary,Carter,Gary Edmund,205,74,R,R,1974-09-16,1992-09-27,cartg001,cartega01,2012-02-16,1954-04-08,Gary Carter
cepedor01,379,7927,1958,1974,2351,690,8691,3959,0.34990219767575653,0.4994323199192633,0.8493345175950198,1999,Veterans,NA,NA,NA,Y,Player,NA,1937,9,17,P.R.,NA,Ponce,NA,NA,NA,NA,NA,NA,Orlando,Cepeda,Orlando Manuel,210,74,R,R,1958-04-15,1974-09-19,cepeo101,cepedor01,NA,1937-09-17,Orlando Cepeda
chancfr01,20,4299,1898,1914,1274,693,4992,1692,0.39403044871794873,0.3935799023028611,0.7876103510208099,1946,Old Timers,NA,NA,NA,Y,Player,NA,1876,9,9,USA,CA,Fresno,1924,9,15,USA,CA,Los Angeles,Frank,Chance,Frank Leroy,190,72,R,R,1898-04-29,1914-04-21,chanf101,chancfr01,1924-09-15,1876-09-09,Frank Chance
clarkfr01,67,8584,1894,1915,2678,1029,9613,3680,0.38562363466139604,0.42870456663560114,0.8143282012969972,1945,Old Timers,NA,NA,NA,Y,Player,NA,1872,10,3,USA,IA,Winterset,1960,8,14,USA,KS,Winfield,Fred,Clarke,Fred Clifford,165,70,L,R,1894-06-30,1915-09-23,clarf101,clarkfr01,1960-08-14,1872-10-03,Fred Clarke
clemero01,240,9454,1955,1972,3000,656,10176,4492,0.35927672955974843,0.4751427966998096,0.834419526259558,1973,Special Election,NA,NA,NA,Y,Player,NA,1934,8,18,P.R.,NA,Carolina,1972,12,31,P.R.,NA,San Juan,Roberto,Clemente,Roberto,175,71,R,R,1955-04-17,1972-10-03,clemr101,clemero01,1972-12-31,1934-08-18,Roberto Clemente
cobbty01,117,11436,1905,1928,4189,1343,12779,5854,0.43289772282651223,0.5118922700244841,0.9447899928509964,1936,BBWAA,226,170,222,Y,Player,NA,1886,12,18,USA,GA,Narrows,1961,7,17,USA,GA,Atlanta,Ty,Cobb,Tyrus Raymond,175,73,L,R,1905-08-30,1928-09-11,cobbt101,cobbty01,1961-07-17,1886-12-18,Ty Cobb
cochrmi01,119,5169,1925,1937,1652,886,6055,2470,0.41915772089182496,0.4778487134842329,0.8970064343760579,1947,BBWAA,161,121,128,Y,Player,NA,1903,4,6,USA,MA,Bridgewater,1962,6,28,USA,IL,Lake Forest,Mickey,Cochrane,Gordon Stanley,180,70,L,R,1925-04-14,1937-05-25,cochm101,cochrmi01,1962-06-28,1903-04-06,Mickey Cochrane
collied01,47,9949,1906,1930,3315,1576,11525,4268,0.4243817787418655,0.4289878379736657,0.8533696167155311,1939,BBWAA,274,206,213,Y,Player,NA,1887,5,2,USA,NY,Millerton,1951,3,25,USA,MA,Boston,Eddie,Collins,Edward Trowbridge,175,69,L,R,1906-09-17,1930-08-05,colle101,collied01,1951-03-25,1887-05-02,Eddie Collins
colliji01,65,6795,1895,1908,1999,510,7305,2778,0.3434633812457221,0.4088300220750552,0.7522934033207773,1945,Old Timers,NA,NA,NA,Y,Player,NA,1870,1,16,USA,NY,Niagara Falls,1943,3,6,USA,NY,Buffalo,Jimmy,Collins,James Joseph,178,69,R,R,1895-04-19,1908-08-29,collj103,colliji01,1943-03-06,1870-01-16,Jimmy Collins
combsea01,58,5746,1924,1935,1866,687,6433,2657,0.3968599409295818,0.46240863209189004,0.8592685730214719,1970,Veterans,NA,NA,NA,Y,Player,NA,1899,5,14,USA,KY,Pebworth,1976,7,21,USA,KY,Richmond,Earle,Combs,Earle Bryan,185,72,L,R,1924-04-16,1935-09-29,combe101,combsea01,1976-07-21,1899-05-14,Earle Combs
connoro01,138,7797,1880,1897,2467,1041,8838,3788,0.3969223806291016,0.4858278825189175,0.8827502631480191,1976,Veterans,NA,NA,NA,Y,Player,NA,1857,7,1,USA,CT,Waterbury,1931,1,4,USA,CT,Waterbury,Roger,Connor,Roger,220,75,B,L,1880-05-01,1897-05-18,connr102,connoro01,1931-01-04,1857-07-01,Roger Connor
crawfsa01,97,9570,1899,1917,2961,783,10353,4328,0.3616343088959722,0.4522466039707419,0.8138809128667142,1957,Veterans,NA,NA,NA,Y,Player,NA,1880,4,18,USA,NE,Wahoo,1968,6,15,USA,CA,Hollywood,Sam,Crawford,Samuel Earl,190,72,L,L,1899-09-10,1917-09-16,craws101,crawfsa01,1968-06-15,1880-04-18,Sam Crawford
cronijo01,170,7579,1926,1945,2285,1093,8672,3546,0.38952952029520294,0.46787175089061883,0.8574012711858218,1956,BBWAA,193,145,152,Y,Player,NA,1906,10,12,USA,CA,San Francisco,1984,9,7,USA,MA,Barnstable,Joe,Cronin,Joseph Edward,180,71,R,R,1926-04-29,1945-04-19,cronj101,cronijo01,1984-09-07,1906-10-12,Joe Cronin
cuyleki01,128,7161,1921,1938,2299,761,7922,3391,0.38626609442060084,0.47353721547269934,0.8598033098933002,1968,Veterans,NA,NA,NA,Y,Player,NA,1898,8,30,USA,MI,Harrisville,1950,2,11,USA,MI,Ann Arbor,Kiki,Cuyler,Hazen Shirley,180,70,R,R,1921-09-29,1938-09-14,cuylk101,cuyleki01,1950-02-11,1898-08-30,Kiki Cuyler
davisge01,73,9045,1890,1909,2665,949,9994,3663,0.36161697018210925,0.40497512437810945,0.7665920945602187,1998,Veterans,NA,NA,NA,Y,Player,NA,1870,8,23,USA,NY,Cohoes,1940,10,17,USA,PA,Philadelphia,George,Davis,George Stacey,180,69,B,R,1890-04-19,1909-08-15,davig102,davisge01,1940-10-17,1870-08-23,George Davis
dawsoan01,438,9927,1976,1996,2774,700,10745,4787,0.3233131689157748,0.48222020751485845,0.8055333764306332,2010,BBWAA,539,405,420,Y,Player,NA,1954,7,10,USA,FL,Miami,NA,NA,NA,NA,NA,NA,Andre,Dawson,Andre Nolan,180,75,R,R,1976-09-11,1996-09-29,dawsa001,dawsoan01,NA,1954-07-10,Andre Dawson
delahed01,101,7510,1888,1903,2597,836,8346,3794,0.41133477114785527,0.5051930758988016,0.9165278470466569,1945,Old Timers,NA,NA,NA,Y,Player,NA,1867,10,30,USA,OH,Cleveland,1903,7,2,CAN,ON,Niagara Falls,Ed,Delahanty,Edward James,170,73,R,R,1888-05-22,1903-06-25,delae101,delahed01,1903-07-02,1867-10-30,Ed Delahanty
dickebi01,202,6300,1928,1946,1969,709,7009,3062,0.3820801826223427,0.48603174603174604,0.8681119286540888,1954,BBWAA,252,189,202,Y,Player,NA,1907,6,6,USA,LA,Bastrop,1993,11,12,USA,AR,Little Rock,Bill,Dickey,William Malcolm,185,73,L,R,1928-08-15,1946-09-08,dickb101,dickebi01,1993-11-12,1907-06-06,Bill Dickey
dimagjo01,361,6821,1936,1951,2214,836,7657,3948,0.3983283270210265,0.5788007623515613,0.9771290893725878,1955,BBWAA,251,189,223,Y,Player,NA,1914,11,25,USA,CA,Martinez,1999,3,8,USA,FL,Hollywood,Joe,DiMaggio,Joseph Paul,193,74,R,R,1936-05-03,1951-09-30,dimaj101,dimagjo01,1999-03-08,1914-11-25,Joe DiMaggio
dobyla01,253,5348,1947,1959,1515,909,6282,2621,0.3858643744030564,0.4900897531787584,0.8759541275818148,1998,Veterans,NA,NA,NA,Y,Player,NA,1923,12,13,USA,SC,Camden,2003,6,18,USA,NJ,Montclair,Larry,Doby,Lawrence Eugene,180,73,L,R,1947-07-05,1959-07-26,dobyl101,dobyla01,2003-06-18,1923-12-13,Larry Doby
doerrbo01,223,7093,1937,1951,2042,820,7913,3270,0.3616833059522305,0.4610179049767376,0.8227012109289682,1986,Veterans,NA,NA,NA,Y,Player,NA,1918,4,7,USA,CA,Los Angeles,2017,11,13,USA,OR,Junction City,Bobby,Doerr,Robert Pershing,175,71,R,R,1937-04-20,1951-09-07,doerb101,doerrbo01,2017-11-13,1918-04-07,Bobby Doerr
duffyhu01,106,7044,1888,1906,2293,693,7737,3174,0.3859377019516608,0.4505962521294719,0.8365339540811327,1945,Old Timers,NA,NA,NA,Y,Player,NA,1866,11,26,USA,RI,Cranston,1954,10,19,USA,MA,Boston,Hugh,Duffy,Hugh,168,67,R,R,1888-06-23,1906-04-13,duffh101,duffyhu01,1954-10-19,1866-11-26,Hugh Duffy
eversjo01,12,6137,1902,1929,1659,817,6954,2051,0.35605406960023006,0.33420237901254685,0.6902564486127769,1946,Old Timers,NA,NA,NA,Y,Player,NA,1881,7,21,USA,NY,Troy,1947,3,28,USA,NY,Albany,Johnny,Evers,John Joseph,125,69,L,R,1902-09-01,1929-10-06,everj102,eversjo01,1947-03-28,1881-07-21,Johnny Evers
ewingbu01,71,5363,1880,1897,1625,401,5764,2444,0.3514920194309507,0.4557150848405743,0.807207104271525,1939,Old Timers,NA,NA,NA,Y,Player,NA,1859,10,17,USA,OH,Hoagland,1906,10,20,USA,OH,Cincinnati,Buck,Ewing,William,188,70,R,R,1880-09-09,1897-05-27,ewinb101,ewingbu01,1906-10-20,1859-10-17,Buck Ewing
ferreri01,28,6028,1929,1947,1692,941,6969,2190,0.3778160424738126,0.36330457863304577,0.7411206211068584,1984,Veterans,NA,NA,NA,Y,Player,NA,1905,10,12,USA,NC,Durham,1995,7,27,USA,MI,Bloomfield Hills,Rick,Ferrell,Richard Benjamin,160,70,R,R,1929-04-19,1947-09-14,ferrr101,ferreri01,1995-07-27,1905-10-12,Rick Ferrell
fiskca01,376,8756,1969,1993,2356,992,9827,3999,0.34069400630914826,0.45671539515760623,0.7974094014667545,2000,BBWAA,499,375,397,Y,Player,NA,1947,12,26,USA,VT,Bellows Falls,NA,NA,NA,NA,NA,NA,Carlton,Fisk,Carlton Ernest,200,75,R,R,1969-09-18,1993-06-22,fiskc001,fiskca01,NA,1947-12-26,Carlton Fisk
flickel01,48,5597,1898,1910,1752,696,6293,2492,0.38900365485460037,0.445238520636055,0.8342421754906554,1963,Veterans,NA,NA,NA,Y,Player,NA,1876,1,11,USA,OH,Bedford,1971,1,9,USA,OH,Bedford,Elmer,Flick,Elmer Harrison,168,69,L,R,1898-04-26,1910-07-04,flice101,flickel01,1971-01-09,1876-01-11,Elmer Flick
foxne01,35,9232,1947,1965,2663,861,10141,3347,0.34750024652401146,0.36254332755632585,0.7100435740803372,1997,Veterans,NA,NA,NA,Y,Player,NA,1927,12,25,USA,PA,St. Thomas,1975,12,1,USA,MD,Baltimore,Nellie,Fox,Jacob Nelson,160,70,L,R,1947-06-08,1965-07-25,fox-n101,foxne01,1975-12-01,1927-12-25,Nellie Fox
foxxji01,534,8134,1925,1945,2646,1465,9599,4956,0.42827377851859566,0.6092943201376936,1.0375680986562892,1951,BBWAA,226,170,179,Y,Player,NA,1907,10,22,USA,MD,Sudlersville,1967,7,21,USA,FL,Miami,Jimmie,Foxx,James Emory,195,72,R,R,1925-05-01,1945-09-23,foxxj101,foxxji01,1967-07-21,1907-10-22,Jimmie Foxx
friscfr01,105,9112,1919,1937,2880,759,9871,3937,0.3686556579880458,0.4320676031606673,0.8007232611487131,1947,BBWAA,161,121,136,Y,Player,NA,1897,9,9,USA,NY,Bronx,1973,3,12,USA,DE,Wilmington,Frankie,Frisch,Frank Francis,165,71,B,R,1919-06-17,1937-08-05,frisf101,friscfr01,1973-03-12,1897-09-09,Frankie Frisch
gehrich01,184,8860,1924,1942,2839,1236,10096,4257,0.40362519809825675,0.4804740406320542,0.8840992387303109,1949,Run Off,187,NA,159,Y,Player,1st,1903,5,11,USA,MI,Fowlerville,1993,1,21,USA,MI,Bloomfield Hills,Charlie,Gehringer,Charles Leonard,180,71,L,R,1924-09-22,1942-09-27,gehrc101,gehrich01,1993-01-21,1903-05-11,Charlie Gehringer
gehrilo01,493,8001,1923,1939,2721,1553,9554,5060,0.44735189449445256,0.6324209473815773,1.07977284187603,1939,Special Election,NA,NA,NA,Y,Player,NA,1903,6,19,USA,NY,New York,1941,6,2,USA,NY,Bronx,Lou,Gehrig,Henry Louis,200,72,L,L,1923-06-15,1939-04-30,gehrl101,gehrilo01,1941-06-02,1903-06-19,Lou Gehrig
gordojo01,253,5707,1938,1950,1530,788,6495,2657,0.3568899153194765,0.4655685999649553,0.8224585152844318,2009,Veterans,NA,NA,NA,Y,Player,NA,1915,2,18,USA,CA,Los Angeles,1978,4,14,USA,CA,Sacramento,Joe,Gordon,Joseph Lowell,180,70,R,R,1938-04-18,1950-09-30,gordj101,gordojo01,1978-04-14,1915-02-18,Joe Gordon
gosligo01,248,8656,1921,1938,2735,1004,9660,4325,0.3870600414078675,0.49965341959334564,0.8867134610012131,1968,Veterans,NA,NA,NA,Y,Player,NA,1900,10,16,USA,NJ,Salem,1971,5,15,USA,NJ,Bridgeton,Goose,Goslin,Leon Allen,185,71,L,R,1921-09-16,1938-09-25,goslg101,gosligo01,1971-05-15,1900-10-16,Goose Goslin
greenha01,331,5193,1930,1947,1628,868,6061,3142,0.4118132321399109,0.6050452532254958,1.0168584853654068,1956,BBWAA,193,145,164,Y,Player,NA,1911,1,1,USA,NY,New York,1986,9,4,USA,CA,Beverly Hills,Hank,Greenberg,Henry Benjamin,210,75,R,R,1930-09-14,1947-09-18,greeh102,greenha01,1986-09-04,1911-01-01,Hank Greenberg
griffke02,630,9801,1989,2010,2781,1393,11296,5271,0.36951133144475923,0.5378022650749924,0.9073135965197516,2016,BBWAA,440,330,437,Y,Player,NA,1969,11,21,USA,PA,Donora,NA,NA,NA,NA,NA,NA,Ken,Griffey,George Kenneth,195,75,L,L,1989-04-03,2010-05-31,grifk002,griffke02,NA,1969-11-21,Ken Griffey
guerrvl01,449,8155,1996,2011,2590,840,9059,4506,0.37862898774699194,0.5525444512568977,0.9311734390038896,2018,BBWAA,422,317,392,Y,Player,NA,1975,2,9,D.R.,Peravia,Nizao,NA,NA,NA,NA,NA,NA,Vladimir,Guerrero,Vladimir,235,75,R,R,1996-09-19,2011-09-28,guerv001,guerrvl01,NA,1975-02-09,Vladimir Guerrero
gwynnto01,135,9288,1982,2001,3141,814,10187,4259,0.3882399136153922,0.4585486649440138,0.846788578559406,2007,BBWAA,545,409,532,Y,Player,NA,1960,5,9,USA,CA,Los Angeles,2014,6,16,USA,CA,Poway,Tony,Gwynn,Anthony Keith,185,71,L,L,1982-07-19,2001-10-07,gwynt001,gwynnto01,2014-06-16,1960-05-09,Tony Gwynn
hafeych01,164,4625,1924,1937,1466,405,5030,2433,0.37196819085487076,0.526054054054054,0.8980222449089248,1971,Veterans,NA,NA,NA,Y,Player,NA,1903,2,12,USA,CA,Berkeley,1973,7,2,USA,CA,Calistoga,Chick,Hafey,Charles James,185,72,R,R,1924-08-28,1937-09-30,hafec101,hafeych01,1973-07-02,1903-02-12,Chick Hafey
hamilbi01,40,6283,1888,1901,2164,1278,7561,2716,0.45523078957809815,0.4322775744071303,0.8875083639852285,1961,Veterans,NA,NA,NA,Y,Player,NA,1866,2,15,USA,NJ,Newark,1940,12,15,USA,MA,Worcester,Billy,Hamilton,William Robert,165,66,L,L,1888-07-31,1901-09-16,hamib101,hamilbi01,1940-12-15,1866-02-15,Billy Hamilton
hartnga01,236,6432,1922,1941,1912,738,7170,3144,0.3695955369595537,0.48880597014925375,0.8584015071088075,1955,BBWAA,251,189,195,Y,Player,NA,1900,12,20,USA,RI,Woonsocket,1972,12,20,USA,IL,Park Ridge,Gabby,Hartnett,Charles Leo,195,73,R,R,1922-04-12,1941-09-24,hartg103,hartnga01,1972-12-20,1900-12-20,Gabby Hartnett
heilmha01,183,7787,1914,1932,2660,896,8683,4053,0.40953587469768515,0.5204828560421215,0.9300187307398067,1952,BBWAA,234,176,203,Y,Player,NA,1894,8,3,USA,CA,San Francisco,1951,7,9,USA,MI,Southfield,Harry,Heilmann,Harry Edwin,195,73,R,R,1914-05-16,1932-05-31,heilh101,heilmha01,1951-07-09,1894-08-03,Harry Heilmann
henderi01,297,10961,1979,2003,3055,2288,13316,4588,0.40124662060678884,0.4185749475412827,0.8198215681480716,2009,BBWAA,539,405,511,Y,Player,NA,1958,12,25,USA,IL,Chicago,NA,NA,NA,NA,NA,NA,Rickey,Henderson,Rickey Nelson Henley,180,70,R,L,1979-06-24,2003-09-19,hendr001,henderi01,NA,1958-12-25,Rickey Henderson
hermabi01,47,7707,1931,1947,2345,763,8470,3136,0.3669421487603306,0.4069028156221617,0.7738449643824923,1975,Veterans,NA,NA,NA,Y,Player,NA,1909,7,7,USA,IN,New Albany,1992,9,5,USA,FL,West Palm Beach,Billy,Herman,William Jennings Bryan,180,71,R,R,1931-08-29,1947-08-01,hermb101,hermabi01,1992-09-05,1909-07-07,Billy Herman
hodgegi01,370,7030,1943,1963,1921,968,8048,3422,0.35897117296222664,0.4867709815078236,0.8457421544700503,2022,Veterans,NA,NA,NA,Y,Player,NA,1924,4,4,USA,IN,Princeton,1972,4,2,USA,FL,West Palm Beach,Gil,Hodges,Gilbert Ray,200,73,R,R,1943-10-03,1963-05-05,hodgg101,hodgegi01,1972-04-02,1924-04-04,Gil Hodges
hoopeha01,75,8785,1909,1925,2466,1212,9997,3400,0.3679103731119336,0.3870233352305065,0.7549337083424401,1971,Veterans,NA,NA,NA,Y,Player,NA,1887,8,24,USA,CA,Bell Station,1974,12,18,USA,CA,Santa Cruz,Harry,Hooper,Harry Bartholomew,168,70,L,R,1909-04-16,1925-10-04,hooph101,hoopeha01,1974-12-18,1887-08-24,Harry Hooper
hornsro01,301,8173,1915,1937,2930,1086,9259,4712,0.43374014472405226,0.5765324850116237,1.0102726297356759,1942,BBWAA,233,175,182,Y,Player,NA,1896,4,27,USA,TX,Winters,1963,1,5,USA,IL,Chicago,Rogers,Hornsby,Rogers,175,71,R,R,1915-09-10,1937-07-20,hornr101,hornsro01,1963-01-05,1896-04-27,Rogers Hornsby
irvinmo01,99,2499,1949,1956,731,374,2884,1187,0.3831484049930652,0.47498999599839936,0.8581384009914645,1973,Negro League,NA,NA,NA,Y,Player,NA,1919,2,25,USA,AL,Haleburg,2016,1,11,USA,TX,Houston,Monte,Irvin,Monford Merrill,195,73,R,R,1949-07-08,1956-09-30,irvim101,irvinmo01,2016-01-11,1919-02-25,Monte Irvin
jacksre01,563,9864,1967,1987,2584,1471,11403,4834,0.3556081732877313,0.4900648824006488,0.8456730556883801,1993,BBWAA,423,318,396,Y,Player,NA,1946,5,18,USA,PA,Abington,NA,NA,NA,NA,NA,NA,Reggie,Jackson,Reginald Martinez,195,72,L,L,1967-06-09,1987-10-04,jackr001,jacksre01,NA,1946-05-18,Reggie Jackson
jackstr01,135,6086,1922,1936,1768,422,6508,2636,0.3365089121081746,0.43312520538941834,0.7696341174975929,1982,Veterans,NA,NA,NA,Y,Player,NA,1903,11,2,USA,AR,Waldo,1987,7,27,USA,AR,Waldo,Travis,Jackson,Travis Calvin,160,70,R,R,1922-09-27,1936-09-24,jackt101,jackstr01,1987-07-27,1903-11-02,Travis Jackson
jennihu01,18,4895,1891,1918,1526,634,5529,1988,0.3906673901247965,0.40612870275791624,0.7967960928827127,1945,Old Timers,NA,NA,NA,Y,Player,NA,1869,4,2,USA,PA,Pittston,1928,2,1,USA,PA,Scranton,Hughie,Jennings,Hugh Ambrose,165,68,R,R,1891-06-01,1918-09-02,jennh101,jennihu01,1928-02-01,1869-04-02,Hughie Jennings
jeterde01,260,11195,1995,2014,3465,1252,12505,4921,0.3772091163534586,0.4395712371594462,0.8167803535129048,2020,BBWAA,397,298,396,Y,Player,NA,1974,6,26,USA,NJ,Pequannock,NA,NA,NA,NA,NA,NA,Derek,Jeter,Derek Sanderson,195,75,R,R,1995-05-29,2014-09-28,jeted001,jeterde01,NA,1974-06-26,Derek Jeter
jonesch06,468,8984,1993,2012,2726,1530,10611,4755,0.40109320516445196,0.5292742653606411,0.930367470525093,2018,BBWAA,422,317,410,Y,Player,NA,1972,4,24,USA,FL,DeLand,NA,NA,NA,NA,NA,NA,Chipper,Jones,Larry Wayne,210,76,B,R,1993-09-11,2012-10-03,jonec004,jonesch06,NA,1972-04-24,Chipper Jones
kalinal01,399,10116,1953,1974,3007,1332,11552,4852,0.37560595567867033,0.479636219849743,0.8552421755284133,1980,BBWAA,385,289,340,Y,Player,NA,1934,12,19,USA,MD,Baltimore,2020,4,6,USA,MI,Bloomfield Hills,Al,Kaline,Albert William,175,73,R,R,1953-06-25,1974-10-02,kalia101,kalinal01,2020-04-06,1934-12-19,Al Kaline
keelewi01,33,8591,1892,1910,2932,653,9244,3562,0.38781912591951534,0.41461995111162847,0.8024390770311438,1939,BBWAA,274,206,207,Y,Player,NA,1872,3,3,USA,NY,Brooklyn,1923,1,1,USA,NY,Brooklyn,Willie,Keeler,William Henry,140,64,L,L,1892-09-30,1910-09-05,keelw101,keelewi01,1923-01-01,1872-03-03,Willie Keeler
kellejo01,65,7006,1891,1908,2220,993,7999,3161,0.4016752094011751,0.4511846988295746,0.8528599082307498,1971,Veterans,NA,NA,NA,Y,Player,NA,1871,12,9,USA,MA,Cambridge,1943,8,14,USA,MD,Baltimore,Joe,Kelley,Joseph James,190,71,R,R,1891-07-27,1908-10-03,kellj106,kellejo01,1943-08-14,1871-12-09,Joe Kelley
kellge01,78,6702,1943,1957,2054,657,7379,2773,0.3673939558205719,0.41375708743658607,0.781151043257158,1983,Veterans,NA,NA,NA,Y,Player,NA,1922,8,23,USA,AR,Swifton,2009,3,24,USA,AR,Swifton,George,Kell,George Clyde,175,69,R,R,1943-09-28,1957-09-14,kellg102,kellge01,2009-03-24,1922-08-23,George Kell
kellyge01,148,5993,1915,1932,1778,414,6407,2711,0.34212579990635245,0.4523610879359252,0.7944868878422777,1973,Veterans,NA,NA,NA,Y,Player,NA,1895,9,10,USA,CA,San Francisco,1984,10,13,USA,CA,Burlingame,George,Kelly,George Lange,190,76,R,R,1915-08-18,1932-07-26,kellg101,kellyge01,1984-10-13,1895-09-10,George Kelly
kellyki01,69,5896,1878,1893,1813,561,6457,2583,0.3676630013938361,0.4380936227951153,0.8057566241889514,1945,Old Timers,NA,NA,NA,Y,Player,NA,1857,12,31,USA,NY,Troy,1894,11,8,USA,MA,Boston,King,Kelly,Michael Joseph,170,70,R,R,1878-05-01,1893-09-02,kellk101,kellyki01,1894-11-08,1857-12-31,King Kelly
killeha01,573,8147,1954,1975,2086,1607,9831,4143,0.3756484589563625,0.5085307475144225,0.884179206470785,1984,BBWAA,403,303,335,Y,Player,NA,1936,6,29,USA,ID,Payette,2011,5,17,USA,AZ,Scottsdale,Harmon,Killebrew,Harmon Clayton,195,72,R,R,1954-06-23,1975-09-26,killh102,killeha01,2011-05-17,1936-06-29,Harmon Killebrew
kinerra01,369,5205,1946,1955,1451,1035,6247,2852,0.3979510164879142,0.5479346781940442,0.9458856946819584,1975,BBWAA,362,272,273,Y,Player,NA,1922,10,27,USA,NM,Santa Rita,2014,2,6,USA,CA,Rancho Mirage,Ralph,Kiner,Ralph McPherran,195,74,R,R,1946-04-16,1955-09-25,kiner101,kinerra01,2014-02-06,1922-10-27,Ralph Kiner
kleinch01,300,6486,1928,1944,2076,613,7099,3522,0.3787857444710523,0.5430157261794635,0.9218014706505158,1980,Veterans,NA,NA,NA,Y,Player,NA,1904,10,7,USA,IN,Indianapolis,1958,3,28,USA,IN,Indianapolis,Chuck,Klein,Charles Herbert,185,72,L,R,1928-07-30,1944-06-11,kleic101,kleinch01,1958-03-28,1904-10-07,Chuck Klein
lajoina01,82,9590,1896,1916,3243,650,10240,4472,0.38017578125,0.46631908237747655,0.8464948636274765,1937,BBWAA,201,151,168,Y,Player,NA,1874,9,5,USA,RI,Woonsocket,1959,2,7,USA,FL,Daytona Beach,Nap,Lajoie,Napoleon,195,73,R,R,1896-08-12,1916-08-26,lajon101,lajoina01,1959-02-07,1874-09-05,Nap Lajoie
larkiba01,198,7937,1986,2004,2340,994,8998,3527,0.3705267837297177,0.44437444878417537,0.8149012325138931,2012,BBWAA,573,430,495,Y,Player,NA,1964,4,28,USA,OH,Cincinnati,NA,NA,NA,NA,NA,NA,Barry,Larkin,Barry Louis,185,72,R,R,1986-08-13,2004-10-03,larkb001,larkiba01,NA,1964-04-28,Barry Larkin
lazzeto01,178,6297,1926,1939,1840,890,7187,2938,0.3798525114790594,0.4665713831983484,0.8464238946774079,1991,Veterans,NA,NA,NA,Y,Player,NA,1903,12,6,USA,CA,San Francisco,1946,8,6,USA,CA,San Francisco,Tony,Lazzeri,Anthony Michael,170,71,R,R,1926-04-13,1939-06-07,lazzt101,lazzeto01,1946-08-06,1903-12-06,Tony Lazzeri
lindsfr01,103,5611,1924,1936,1747,347,5958,2519,0.351460221550856,0.44893958296203884,0.8003998045128948,1976,Veterans,NA,NA,NA,Y,Player,NA,1905,11,21,USA,IL,Chicago,1981,10,4,USA,IL,Chicago,Freddie,Lindstrom,Frederick Charles,170,71,R,R,1924-04-15,1936-05-15,lindf101,lindsfr01,1981-10-04,1905-11-21,Freddie Lindstrom
lombaer01,190,5855,1931,1947,1792,476,6331,2693,0.35823724530090034,0.45994876174210075,0.8181860070430012,1986,Veterans,NA,NA,NA,Y,Player,NA,1908,4,6,USA,CA,Oakland,1977,9,26,USA,CA,Santa Cruz,Ernie,Lombardi,Ernesto Natali,230,75,R,R,1931-04-15,1947-09-17,lombe101,lombaer01,1977-09-26,1908-04-06,Ernie Lombardi
mantlmi01,536,8102,1951,1968,2415,1746,9895,4511,0.42051541182415364,0.5567761046655146,0.9772915164896683,1974,BBWAA,365,274,322,Y,Player,NA,1931,10,20,USA,OK,Spavinaw,1995,8,13,USA,TX,Dallas,Mickey,Mantle,Mickey Charles,195,71,B,R,1951-04-17,1968-09-28,mantm101,mantlmi01,1995-08-13,1931-10-20,Mickey Mantle
manushe01,110,7654,1923,1939,2524,576,8230,3665,0.37667071688942894,0.4788345962895218,0.8555053131789507,1964,Veterans,NA,NA,NA,Y,Player,NA,1901,7,20,USA,AL,Tuscumbia,1971,5,12,USA,FL,Sarasota,Heinie,Manush,Henry Emmett,200,73,L,L,1923-04-20,1939-05-22,manuh101,manushe01,1971-05-12,1901-07-20,Heinie Manush
maranra01,28,10078,1912,1935,2605,878,10956,3423,0.317907995618839,0.33965072435006943,0.6575587199689084,1954,BBWAA,252,189,209,Y,Player,NA,1891,11,11,USA,MA,Springfield,1954,1,5,USA,NY,New York,Rabbit,Maranville,Walter James Vincent,155,65,R,R,1912-09-10,1935-09-29,marar101,maranra01,1954-01-05,1891-11-11,Rabbit Maranville
martied01,309,7213,1987,2004,2247,1372,8662,3718,0.41780189332717615,0.5154582004713711,0.9332600937985474,2019,BBWAA,425,319,363,Y,Player,NA,1963,1,2,USA,NY,New York,NA,NA,NA,NA,NA,NA,Edgar,Martinez,Edgar,175,72,R,R,1987-09-12,2004-10-03,marte001,martied01,NA,1963-01-02,Edgar Martinez
matheed01,512,8537,1952,1968,2315,1470,10065,4349,0.3760556383507203,0.5094295419936746,0.8854851803443949,1978,BBWAA,379,285,301,Y,Player,NA,1931,10,13,USA,TX,Texarkana,2001,2,18,USA,CA,La Jolla,Eddie,Mathews,Edwin Lee,190,73,L,R,1952-04-15,1968-09-27,mathe101,matheed01,2001-02-18,1931-10-13,Eddie Mathews
mayswi01,660,10881,1951,1973,3283,1508,12480,6066,0.3838942307692308,0.5574855252274608,0.9413797559966915,1979,BBWAA,432,324,409,Y,Player,NA,1931,5,6,USA,AL,Westfield,NA,NA,NA,NA,NA,NA,Willie,Mays,Willie Howard,170,70,R,R,1951-05-25,1973-09-09,maysw101,mayswi01,NA,1931-05-06,Willie Mays
mazerbi01,138,7755,1956,1972,2016,467,8292,2848,0.2994452484322238,0.36724693745970344,0.6666921858919272,2001,Veterans,NA,NA,NA,Y,Player,NA,1936,9,5,USA,WV,Wheeling,NA,NA,NA,NA,NA,NA,Bill,Mazeroski,William Stanley,183,71,R,R,1956-07-07,1972-10-04,mazeb101,mazerbi01,NA,1936-09-05,Bill Mazeroski
mccarto01,44,5120,1884,1896,1493,586,5706,1922,0.3643533123028391,0.375390625,0.7397439373028392,1946,Old Timers,NA,NA,NA,Y,Player,NA,1863,7,24,USA,MA,Boston,1922,8,5,USA,MA,Boston,Tommy,McCarthy,Thomas Francis Michael,170,67,R,R,1884-07-10,1896-09-26,mccat103,mccarto01,1922-08-05,1863-07-24,Tommy McCarthy
mccovwi01,521,8197,1959,1980,2211,1414,9681,4219,0.37444478876149156,0.5147005001829937,0.8891452889444853,1986,BBWAA,425,319,346,Y,Player,NA,1938,1,10,USA,AL,Mobile,2018,10,31,USA,CA,Palo Alto,Willie,McCovey,Willie Lee,198,76,L,L,1959-07-30,1980-07-06,mccow101,mccovwi01,2018-10-31,1938-01-10,Willie McCovey
mcphebi01,53,8304,1882,1899,2258,1069,9373,3098,0.3549557238877627,0.3730732177263969,0.7280289416141597,2000,Veterans,NA,NA,NA,Y,Player,NA,1859,11,1,USA,NY,Massena,1943,1,3,USA,CA,San Diego,Bid,McPhee,John Alexander,152,68,R,R,1882-05-02,1899-10-15,mcphb101,mcphebi01,1943-01-03,1859-11-01,Bid McPhee
medwijo01,205,7635,1932,1948,2471,463,8098,3852,0.36231168189676466,0.5045186640471513,0.866830345943916,1968,BBWAA,283,213,240,Y,Player,NA,1911,11,24,USA,NJ,Carteret,1975,3,21,USA,FL,St. Petersburg,Joe,Medwick,Joseph Michael,187,70,R,R,1932-09-02,1948-07-25,medwj101,medwijo01,1975-03-21,1911-11-24,Joe Medwick
minosmi01,186,6579,1949,1980,1963,1006,7642,3023,0.3885108610311437,0.4594923240614075,0.8480031850925511,2022,Veterans,NA,NA,NA,Y,Player,NA,1923,11,29,Cuba,Matanzas,Perico,2015,3,1,USA,IL,Chicago,Minnie,Minoso,Saturnino Orestes Armas,175,70,R,R,1949-04-19,1980-10-05,minom101,minosmi01,2015-03-01,1923-11-29,Minnie Minoso
mizejo01,359,6443,1936,1953,2011,908,7351,3621,0.3970888314515032,0.5620052770448549,0.9590941084963581,1981,Veterans,NA,NA,NA,Y,Player,NA,1913,1,7,USA,GA,Demorest,1993,6,2,USA,GA,Demorest,Johnny,Mize,John Robert,215,74,L,R,1936-04-16,1953-09-26,mizej101,mizejo01,1993-06-02,1913-01-07,Johnny Mize
molitpa01,234,10835,1978,1998,3319,1141,12085,4854,0.3690525444766239,0.4479926165205353,0.8170451609971592,2004,BBWAA,506,380,431,Y,Player,NA,1956,8,22,USA,MN,St. Paul,NA,NA,NA,NA,NA,NA,Paul,Molitor,Paul Leo,185,72,R,R,1978-04-07,1998-09-27,molip001,molitpa01,NA,1956-08-22,Paul Molitor
morgajo02,268,9277,1963,1984,2517,1905,11278,3962,0.39209079624046816,0.42707771909022313,0.8191685153306913,1990,BBWAA,444,333,363,Y,Player,NA,1943,9,19,USA,TX,Bonham,2020,10,11,USA,CA,Danville,Joe,Morgan,Joe Leonard,160,67,L,R,1963-09-21,1984-09-30,morgj001,morgajo02,2020-10-11,1943-09-19,Joe Morgan
murraed02,504,11336,1977,1997,3255,1351,12815,5397,0.3594225516972298,0.4760938602681722,0.8355164119654019,2003,BBWAA,496,372,423,Y,Player,NA,1956,2,24,USA,CA,Los Angeles,NA,NA,NA,NA,NA,NA,Eddie,Murray,Eddie Clarence,190,74,B,R,1977-04-07,1997-09-20,murre001,murraed02,NA,1956-02-24,Eddie Murray
musiast01,475,10972,1941,1963,3630,1652,12677,6134,0.41666009308195945,0.559059423988334,0.9757195170702935,1969,BBWAA,340,255,317,Y,Player,NA,1920,11,21,USA,PA,Donora,2013,1,19,USA,MO,Ladue,Stan,Musial,Stanley Frank,175,72,L,L,1941-09-17,1963-09-29,musis101,musiast01,2013-01-19,1920-11-21,Stan Musial
olivato01,220,6301,1962,1976,1917,507,6865,3002,0.3530954115076475,0.47643231233137595,0.8295277238390235,2022,Veterans,NA,NA,NA,Y,Player,NA,1938,7,20,Cuba,Pinar del Rio,Pinar del Rio,NA,NA,NA,NA,NA,NA,Tony,Oliva,Tony Pedro,175,73,L,R,1962-09-09,1976-09-29,olivt102,olivato01,NA,1938-07-20,Tony Oliva
orourji01,62,8503,1872,1904,2639,549,9052,3591,0.3521873619089704,0.4223215335763848,0.7745088954853552,1945,Old Timers,NA,NA,NA,Y,Player,NA,1850,9,1,USA,CT,Bridgeport,1919,1,8,USA,CT,Bridgeport,Jim,O'Rourke,James Henry,185,68,R,R,1872-04-26,1904-09-22,orouj103,o'rouji01,1919-01-08,1850-09-01,Jim O'Rourke
ortizda01,541,8640,1997,2016,2472,1357,10089,4765,0.37952225195757755,0.5515046296296297,0.9310268815872071,2022,BBWAA,394,296,307,Y,Player,NA,1975,11,18,D.R.,Distrito Nacional,Santo Domingo,NA,NA,NA,NA,NA,NA,David,Ortiz,David Americo,230,75,L,L,1997-09-02,2016-10-02,ortid001,ortizda01,NA,1975-11-18,David Ortiz
ottme01,511,9456,1926,1947,2876,1772,11228,5041,0.4139650872817955,0.5331006768189509,0.9470657641007464,1951,BBWAA,226,170,197,Y,Player,NA,1909,3,2,USA,LA,Gretna,1958,11,21,USA,LA,New Orleans,Mel,Ott,Melvin Thomas,170,69,L,R,1926-04-27,1947-07-11,ott-m101,ottme01,1958-11-21,1909-03-02,Mel Ott
perezto01,379,9778,1964,1986,2732,968,10852,4532,0.340950976778474,0.4634894661484966,0.8044404429269707,2000,BBWAA,499,375,385,Y,Player,NA,1942,5,14,Cuba,Camaguey,Camaguey,NA,NA,NA,NA,NA,NA,Tony,Perez,Atanacio,175,74,R,R,1964-07-26,1986-10-05,peret001,perezto01,NA,1942-05-14,Tony Perez
piazzmi01,427,6911,1992,2007,2127,789,7745,3768,0.37650096836668817,0.5452177687744176,0.9217187371411057,2016,BBWAA,440,330,365,Y,Player,NA,1968,9,4,USA,PA,Norristown,NA,NA,NA,NA,NA,NA,Mike,Piazza,Michael Joseph,200,75,R,R,1992-09-01,2007-09-30,piazm001,piazzmi01,NA,1968-09-04,Mike Piazza
puckeki01,207,7244,1984,1995,2304,506,7808,3453,0.3598872950819672,0.47667034787410273,0.8365576429560699,2001,BBWAA,515,387,423,Y,Player,NA,1960,3,14,USA,IL,Chicago,2006,3,6,USA,AZ,Phoenix,Kirby,Puckett,Kirby,178,68,R,R,1984-05-08,1995-09-28,puckk001,puckeki01,2006-03-06,1960-03-14,Kirby Puckett
raineti01,170,8872,1979,2002,2605,1372,10320,3771,0.38536821705426355,0.4250450856627592,0.8104133027170228,2017,BBWAA,442,332,380,Y,Player,NA,1959,9,16,USA,FL,Sanford,NA,NA,NA,NA,NA,NA,Tim,Raines,Timothy,160,68,B,R,1979-09-11,2002-09-29,raint001,raineti01,NA,1959-09-16,Tim Raines
reesepe01,126,8058,1940,1958,2170,1236,9313,3038,0.3657253301836143,0.37701662943658476,0.7427419596201991,1984,Veterans,NA,NA,NA,Y,Player,NA,1918,7,23,USA,KY,Ekron,1999,8,14,USA,KY,Louisville,Pee Wee,Reese,Harold Henry,160,70,R,R,1940-04-23,1958-09-26,reesp101,reesepe01,1999-08-14,1918-07-23,Pee Wee Reese
riceji01,382,8225,1974,1989,2452,734,9053,4129,0.3519275378327626,0.5020060790273556,0.8539336168601181,2009,BBWAA,539,405,412,Y,Player,NA,1953,3,8,USA,SC,Anderson,NA,NA,NA,NA,NA,NA,Jim,Rice,James Edward,200,74,R,R,1974-08-19,1989-08-03,ricej001,riceji01,NA,1953-03-08,Jim Rice
ricesa01,34,9269,1915,1934,2987,764,10033,3955,0.3738662414033689,0.42669112094077033,0.8005573623441392,1963,Veterans,NA,NA,NA,Y,Player,NA,1890,2,20,USA,IN,Morocco,1974,10,13,USA,MD,Rossmoor,Sam,Rice,Edgar Charles,150,69,L,R,1915-08-07,1934-09-18,rices101,ricesa01,1974-10-13,1890-02-20,Sam Rice
ripkeca01,431,11551,1981,2001,3184,1195,12873,5168,0.34016934669463217,0.44740715089602634,0.7875764975906585,2007,BBWAA,545,409,537,Y,Player,NA,1960,8,24,USA,MD,Havre de Grace,NA,NA,NA,NA,NA,NA,Cal,Ripken,Calvin Edwin,200,76,R,R,1981-08-10,2001-10-06,ripkc001,ripkeca01,NA,1960-08-24,Cal Ripken
rizzuph01,38,5816,1941,1956,1588,700,6518,2065,0.3510279226756674,0.35505502063273725,0.7060829433084046,1994,Veterans,NA,NA,NA,Y,Player,NA,1917,9,25,USA,NY,Brooklyn,2007,8,13,USA,NJ,West Orange,Phil,Rizzuto,Philip Francis,150,66,R,R,1941-04-14,1956-08-16,rizzp101,rizzuph01,2007-08-13,1917-09-25,Phil Rizzuto
robinbr01,268,10654,1955,1977,2848,913,11681,4270,0.3219758582313158,0.4007884362680683,0.7227642944993842,1983,BBWAA,374,281,344,Y,Player,NA,1937,5,18,USA,AR,Little Rock,NA,NA,NA,NA,NA,NA,Brooks,Robinson,Brooks Calbert,180,73,R,R,1955-09-17,1977-08-13,robib104,robinbr01,NA,1937-05-18,Brooks Robinson
robinfr02,586,10006,1956,1976,2943,1618,11726,5373,0.3889646938427426,0.5369778133120128,0.9259425071547553,1982,BBWAA,415,312,370,Y,Player,NA,1935,8,31,USA,TX,Beaumont,2019,2,7,USA,CA,Los Angeles,Frank,Robinson,Frank,183,73,R,R,1956-04-17,1976-09-18,robif103,robinfr02,2019-02-07,1935-08-31,Frank Robinson
robinja02,137,4877,1947,1956,1518,812,5698,2310,0.4089154089154089,0.47365183514455605,0.882567244059965,1962,BBWAA,160,120,124,Y,Player,NA,1919,1,31,USA,GA,Cairo,1972,10,24,USA,CT,Stamford,Jackie,Robinson,Jack Roosevelt,195,71,R,R,1947-04-15,1956-09-30,robij103,robinja02,1972-10-24,1919-01-31,Jackie Robinson
rodriiv01,311,9592,1991,2011,2844,571,10239,4451,0.3335286649086825,0.4640325271059216,0.7975611920146041,2017,BBWAA,442,332,336,Y,Player,NA,1971,11,27,P.R.,NA,Manati,NA,NA,NA,NA,NA,NA,Ivan,Rodriguez,Ivan,205,69,R,R,1991-06-20,2011-09-28,rodri001,rodriiv01,NA,1971-11-27,Ivan Rodriguez
roushed01,68,7363,1913,1931,2376,537,7900,3283,0.36873417721518986,0.445878038842863,0.8146122160580529,1962,Veterans,NA,NA,NA,Y,Player,NA,1893,5,8,USA,IN,Oakland City,1988,3,21,USA,FL,Bradenton,Edd,Roush,Edd J.,170,71,L,L,1913-08-20,1931-09-27,rouse101,roushed01,1988-03-21,1893-05-08,Edd Roush
ruthba01,714,8398,1914,1935,2873,2105,10503,5793,0.4739598210035228,0.6898070969278399,1.1637669179313628,1936,BBWAA,226,170,215,Y,Player,NA,1895,2,6,USA,MD,Baltimore,1948,8,16,USA,NY,New York,Babe,Ruth,George Herman,215,74,L,L,1914-07-11,1935-05-30,ruthb101,ruthba01,1948-08-16,1895-02-06,Babe Ruth
sandbry01,282,8385,1981,1997,2386,795,9251,3787,0.34385471840882065,0.45163983303518185,0.7954945514440025,2005,BBWAA,516,387,393,Y,Player,NA,1959,9,18,USA,WA,Spokane,NA,NA,NA,NA,NA,NA,Ryne,Sandberg,Ryne Dee,175,73,R,R,1981-09-02,1997-09-28,sandr001,sandbry01,NA,1959-09-18,Ryne Sandberg
santoro01,342,8143,1960,1974,2254,1146,9383,3779,0.3623574549717574,0.46407957755127105,0.8264370325230285,2012,Veterans,NA,NA,NA,Y,Player,NA,1940,2,25,USA,WA,Seattle,2010,12,2,USA,AZ,Scottsdale,Ron,Santo,Ronald Edward,190,72,R,R,1960-06-26,1974-09-29,santr102,santoro01,2010-12-02,1940-02-25,Ron Santo
schalra01,11,5306,1912,1929,1345,697,6003,1675,0.3401632517074796,0.3156803618545043,0.6558436135619838,1955,Veterans,NA,NA,NA,Y,Player,NA,1892,8,12,USA,IL,Harvel,1970,5,19,USA,IL,Chicago,Ray,Schalk,Ray William,165,69,R,R,1912-08-11,1929-09-15,schar103,schalra01,1970-05-19,1892-08-12,Ray Schalk
schmimi01,548,8352,1972,1989,2234,1586,10046,4404,0.38025084610790366,0.5272988505747126,0.9075496966826162,1995,BBWAA,460,345,444,Y,Player,NA,1949,9,27,USA,OH,Dayton,NA,NA,NA,NA,NA,NA,Mike,Schmidt,Michael Jack,195,74,R,R,1972-09-12,1989-05-28,schmm001,schmimi01,NA,1949-09-27,Mike Schmidt
schoere01,84,8479,1945,1963,2449,627,9125,3284,0.3370958904109589,0.38730982427173016,0.724405714682689,1989,Veterans,NA,NA,NA,Y,Player,NA,1923,2,2,USA,IL,Germantown,2018,6,6,USA,MO,Town and Country,Red,Schoendienst,Albert Fred,170,72,B,R,1945-04-17,1963-07-07,schor101,schoere01,2018-06-06,1923-02-02,Red Schoendienst
seweljo01,49,7132,1920,1933,2226,922,8054,2945,0.39086168363546064,0.4129276500280426,0.8037893336635032,1977,Veterans,NA,NA,NA,Y,Player,NA,1898,10,9,USA,AL,Titus,1990,3,6,USA,AL,Mobile,Joe,Sewell,Joseph Wheeler,155,66,L,R,1920-09-10,1933-09-24,sewej101,seweljo01,1990-03-06,1898-10-09,Joe Sewell
simmoal01,307,8759,1924,1944,2927,645,9404,4685,0.3798383666524883,0.534878410777486,0.9147167774299743,1953,BBWAA,264,198,199,Y,Player,NA,1902,5,22,USA,WI,Milwaukee,1956,5,26,USA,WI,Milwaukee,Al,Simmons,Aloysius Harry,190,71,R,R,1924-04-15,1944-07-01,simma101,simmoal01,1956-05-26,1902-05-22,Al Simmons
simmote01,248,8680,1968,1988,2472,894,9674,3793,0.347942939838743,0.4369815668202765,0.7849245066590196,2020,Veterans,NA,NA,NA,Y,Player,NA,1949,8,9,USA,MI,Highland Park,NA,NA,NA,NA,NA,NA,Ted,Simmons,Ted Lyle,193,71,B,R,1968-09-21,1988-10-02,simmt001,simmote01,NA,1949-08-09,Ted Simmons
sislege01,102,8267,1915,1930,2812,520,8787,3871,0.37919654034368955,0.46824724809483487,0.8474437884385244,1939,BBWAA,274,206,235,Y,Player,NA,1893,3,24,USA,OH,Manchester,1973,3,26,USA,MO,Richmond Heights,George,Sisler,George Harold,170,71,L,L,1915-06-28,1930-09-22,sislg101,sislege01,1973-03-26,1893-03-24,George Sisler
slaugen01,169,7946,1938,1959,2383,1055,9011,3599,0.3815336810564865,0.4529322929775988,0.8344659740340853,1985,Veterans,NA,NA,NA,Y,Player,NA,1916,4,27,USA,NC,Roxboro,2002,8,12,USA,NC,Durham,Enos,Slaughter,Enos Bradsher,180,69,L,R,1938-04-19,1959-09-29,slaue101,slaugen01,2002-08-12,1916-04-27,Enos Slaughter
smithoz01,28,9396,1978,1996,2460,1105,10564,3084,0.33746686861037484,0.3282247765006386,0.6656916451110134,2002,BBWAA,472,354,433,Y,Player,NA,1954,12,26,USA,AL,Mobile,NA,NA,NA,NA,NA,NA,Ozzie,Smith,Osborne Earl,150,71,B,R,1978-04-07,1996-09-29,smito001,smithoz01,NA,1954-12-26,Ozzie Smith
snidedu01,407,7161,1947,1964,2116,992,8185,3865,0.37971899816737936,0.5397290881161849,0.9194480862835643,1980,BBWAA,385,289,333,Y,Player,NA,1926,9,19,USA,CA,Los Angeles,2011,2,27,USA,CA,Escondido,Duke,Snider,Edwin Donald,179,72,L,R,1947-04-17,1964-10-03,snidd101,snidedu01,2011-02-27,1926-09-19,Duke Snider
speaktr01,117,10195,1907,1928,3514,1484,11679,5101,0.4279475982532751,0.5003433055419323,0.9282909037952074,1937,BBWAA,201,151,165,Y,Player,NA,1888,4,4,USA,TX,Hubbard,1958,12,8,USA,TX,Lake Whitney,Tris,Speaker,Tristram Edgar,193,71,L,L,1907-09-12,1928-08-30,speat101,speaktr01,1958-12-08,1888-04-04,Tris Speaker
stargwi01,475,7927,1962,1982,2232,1015,9017,4190,0.3600975934346235,0.5285732307304151,0.8886708241650385,1988,BBWAA,427,321,352,Y,Player,NA,1940,3,6,USA,OK,Earlsboro,2001,4,9,USA,NC,Wilmington,Willie,Stargell,Wilver Dornel,188,74,L,L,1962-09-16,1982-10-03,starw101,stargwi01,2001-04-09,1940-03-06,Willie Stargell
terrybi01,154,6428,1923,1936,2193,546,6974,3252,0.39274447949526814,0.5059116365899191,0.8986561160851873,1954,BBWAA,252,189,195,Y,Player,NA,1898,10,30,USA,GA,Atlanta,1989,1,9,USA,FL,Jacksonville,Bill,Terry,William Harold,200,73,L,L,1923-09-24,1936-09-22,terrb101,terrybi01,1989-01-09,1898-10-30,Bill Terry
thomafr04,521,8199,1990,2008,2468,1754,10074,4550,0.41909866984316063,0.5549457250884254,0.974044394931586,2014,BBWAA,571,429,478,Y,Player,NA,1968,5,27,USA,GA,Columbus,NA,NA,NA,NA,NA,NA,Frank,Thomas,Frank Edward,240,77,R,R,1990-08-02,2008-08-29,thomf001,thomafr04,NA,1968-05-27,Frank Thomas
thomeji01,612,8422,1991,2012,2328,1816,10312,4667,0.4018619084561676,0.5541439088102589,0.9560058172664265,2018,BBWAA,422,317,379,Y,Player,NA,1970,8,27,USA,IL,Peoria,NA,NA,NA,NA,NA,NA,Jim,Thome,James Howard,250,76,L,R,1991-09-04,2012-10-03,thomj002,thomeji01,NA,1970-08-27,Jim Thome
thompsa01,126,5998,1885,1906,1988,515,6513,3031,0.3843083064639951,0.5053351117039013,0.8896434181678965,1974,Veterans,NA,NA,NA,Y,Player,NA,1860,3,5,USA,IN,Danville,1922,11,7,USA,MI,Detroit,Sam,Thompson,Samuel Luther,207,74,L,R,1885-07-02,1906-09-10,thoms103,thompsa01,1922-11-07,1860-03-05,Sam Thompson
tinkejo01,31,6441,1902,1916,1690,426,6867,2274,0.30814038153487694,0.35305076851420586,0.6611911500490828,1946,Old Timers,NA,NA,NA,Y,Player,NA,1880,7,27,USA,KS,Muscotah,1948,7,27,USA,FL,Orlando,Joe,Tinker,Joseph Bert,175,69,R,R,1902-04-17,1916-09-22,tinkj101,tinkejo01,1948-07-27,1880-07-27,Joe Tinker
trammal01,185,8288,1977,1996,2365,887,9251,3442,0.3515295643714193,0.4152992277992278,0.7668287921706471,2018,Veterans,NA,NA,NA,Y,Player,NA,1958,2,21,USA,CA,Garden Grove,NA,NA,NA,NA,NA,NA,Alan,Trammell,Alan Stuart,165,72,R,R,1977-09-09,1996-09-29,trama001,trammal01,NA,1958-02-21,Alan Trammell
traynpi01,58,7559,1920,1937,2416,503,8062,3289,0.3620689655172414,0.43511046434713585,0.7971794298643773,1948,BBWAA,121,91,93,Y,Player,NA,1898,11,11,USA,MA,Framingham,1972,3,16,USA,PA,Pittsburgh,Pie,Traynor,Harold Joseph,170,72,R,R,1920-09-15,1937-08-14,trayp101,traynpi01,1972-03-16,1898-11-11,Pie Traynor
vaughar01,96,6622,1932,1948,2103,983,7605,3003,0.40578566732412885,0.45348837209302323,0.8592740394171521,1985,Veterans,NA,NA,NA,Y,Player,NA,1912,3,9,USA,AR,Clifty,1952,8,30,USA,CA,Eagleville,Arky,Vaughan,Joseph Floyd,175,70,L,R,1932-04-17,1948-09-22,vauga101,vaughar01,1952-08-30,1912-03-09,Arky Vaughan
wagneho01,101,10439,1897,1917,3420,1088,11527,4870,0.39108180792920966,0.46651978158827473,0.8576015895174844,1936,BBWAA,226,170,215,Y,Player,NA,1874,2,24,USA,PA,Chartiers,1955,12,6,USA,PA,Carnegie,Honus,Wagner,John Peter,200,71,R,R,1897-07-19,1917-09-17,wagnh101,wagneho01,1955-12-06,1874-02-24,Honus Wagner
walkela01,383,6907,1989,2005,2160,1051,8023,3904,0.40022435497943415,0.565223686115535,0.9654480410949691,2020,BBWAA,397,298,304,Y,Player,NA,1966,12,1,CAN,BC,Maple Ridge,NA,NA,NA,NA,NA,NA,Larry,Walker,Larry Kenneth Robert,185,74,L,R,1989-08-16,2005-10-02,walkl001,walkela01,NA,1966-12-01,Larry Walker
wallabo01,34,8618,1894,1918,2309,821,9439,3088,0.3316029240385634,0.3583197957762822,0.6899227198148457,1953,Veterans,NA,NA,NA,Y,Player,NA,1873,11,4,USA,PA,Pittsburgh,1960,11,3,USA,CA,Torrance,Bobby,Wallace,Roderick John,170,68,R,R,1894-09-15,1918-09-02,wallb101,wallabo01,1960-11-03,1873-11-04,Bobby Wallace
wanerll01,27,7772,1927,1945,2459,446,8218,3057,0.3534923339011925,0.3933350488934637,0.7468273827946562,1967,Veterans,NA,NA,NA,Y,Player,NA,1906,3,16,USA,OK,Harrah,1982,7,22,USA,OK,Oklahoma City,Lloyd,Waner,Lloyd James,150,69,L,R,1927-04-12,1945-09-16,wanel101,wanerll01,1982-07-22,1906-03-16,Lloyd Waner
wanerpa01,113,9459,1926,1945,3152,1129,10588,4478,0.4043256516811485,0.47341156570461995,0.8777372173857685,1952,BBWAA,234,176,195,Y,Player,NA,1903,4,16,USA,OK,Harrah,1965,8,29,USA,FL,Sarasota,Paul,Waner,Paul Glee,153,68,L,L,1926-04-13,1945-04-26,wanep101,wanerpa01,1965-08-29,1903-04-16,Paul Waner
wardjo01,26,7656,1878,1894,2107,438,8094,2608,0.3144304423029404,0.3406478578892372,0.6550783001921776,1964,Veterans,NA,NA,NA,Y,Player,NA,1860,3,3,USA,PA,Bellefonte,1925,3,4,USA,GA,Augusta,John,Ward,John Montgomery,165,69,L,R,1878-07-15,1894-09-29,wardm101,wardjo01,1925-03-04,1860-03-03,John Ward
wheatza01,132,9106,1909,1927,2884,727,9833,4100,0.3672327875521204,0.45025258071601143,0.8174853682681318,1959,Veterans,NA,NA,NA,Y,Player,NA,1888,5,23,USA,MO,Hamilton,1972,3,11,USA,MO,Sedalia,Zack,Wheat,Zachariah Davis,170,70,L,R,1909-09-11,1927-09-21,wheaz101,wheatza01,1972-03-11,1888-05-23,Zack Wheat
whitede01,24,6624,1871,1890,2067,349,6973,2605,0.3464792772121038,0.3932669082125604,0.7397461854246642,2013,Veterans,NA,NA,NA,Y,Player,NA,1847,12,2,USA,NY,Caton,1939,7,7,USA,IL,Aurora,Deacon,White,James Laurie,175,71,L,R,1871-05-04,1890-10-04,whitd102,whitede01,1939-07-07,1847-12-02,Deacon White
willibi01,426,9350,1959,1976,2711,1088,10511,4599,0.3614308819332128,0.4918716577540107,0.8533025396872236,1987,BBWAA,413,310,354,Y,Player,NA,1938,6,15,USA,AL,Whistler,NA,NA,NA,NA,NA,NA,Billy,Williams,Billy Leo,175,73,L,R,1959-08-06,1976-10-02,willb104,willibi01,NA,1938-06-15,Billy Williams
willite01,521,7706,1939,1960,2654,2060,9786,4884,0.48170856325362765,0.6337918505060991,1.1155004137597269,1966,BBWAA,302,227,282,Y,Player,NA,1918,8,30,USA,CA,San Diego,2002,7,5,USA,FL,Inverness,Ted,Williams,Theodore Samuel,205,75,L,R,1939-04-20,1960-09-28,willt103,willite01,2002-07-05,1918-08-30,Ted Williams
wilsoha01,244,4760,1923,1934,1461,694,5454,2593,0.3951228456178951,0.5447478991596638,0.9398707447775589,1979,Veterans,NA,NA,NA,Y,Player,NA,1900,4,26,USA,PA,Ellwood City,1948,11,23,USA,MD,Baltimore,Hack,Wilson,Lewis Robert,190,66,R,R,1923-09-29,1934-08-25,wilsh102,wilsoha01,1948-11-23,1900-04-26,Hack Wilson
winfida01,465,11003,1973,1995,3110,1241,12339,5221,0.3526217683766918,0.47450695264927745,0.8271287210259692,2001,BBWAA,515,387,435,Y,Player,NA,1951,10,3,USA,MN,St. Paul,NA,NA,NA,NA,NA,NA,Dave,Winfield,David Mark,220,78,R,R,1973-06-19,1995-10-01,winfd001,winfida01,NA,1951-10-03,Dave Winfield
yastrca01,452,11988,1961,1983,3419,1885,13978,5539,0.3794534268135642,0.4620453787120454,0.8414988055256096,1989,BBWAA,447,336,423,Y,Player,NA,1939,8,22,USA,NY,Southampton,NA,NA,NA,NA,NA,NA,Carl,Yastrzemski,Carl Michael,175,71,L,R,1961-04-11,1983-10-02,yastc101,yastrca01,NA,1939-08-22,Carl Yastrzemski
youngro01,42,4627,1917,1926,1491,587,5214,2039,0.398542385884158,0.4406743030041063,0.8392166888882644,1972,Veterans,NA,NA,NA,Y,Player,NA,1897,4,10,USA,TX,Shiner,1927,10,22,USA,TX,San Antonio,Ross,Youngs,Royce Middlebrook,162,68,L,R,1917-09-25,1926-08-10,younr101,youngro01,1927-10-22,1897-04-10,Ross Youngs
yountro01,251,11008,1974,1993,3142,1014,12145,4730,0.34219843557019347,0.4296875,0.7718859355701935,1999,BBWAA,497,373,385,Y,Player,NA,1955,9,16,USA,IL,Danville,NA,NA,NA,NA,NA,NA,Robin,Yount,Robin R.,165,72,R,R,1974-04-05,1993-10-03,younr001,yountro01,NA,1955-09-16,Robin Yount
